ID,Titulo,Amazon Precio,Vendido
B0H44Q3C43,"RORRY Power Bank, 20000mAh Portatil Pila PD 30W Bateria Recargable",No encontrado,No
B0GJ48NVMH,10M 100 LED Manguera de Luces LED Solares para Exterior,No encontrado,No
B0GYDBP82F,"Newbealer Plancha Viaje 2en1, Vaporizador Ropa 100-240V, 2 Niveles, 90ml",No encontrado,No
B0F83GRSXY,"4 Piezas Cepillo Quita pelo Demascotas Accesorios, Aspiradora pelo Demascotas con Manguera de ExtensióN y Adaptador de ConversióN, Escalera para Perro para Accesorios Dyson V15 V12 V11 V10 V8 V7.",No encontrado,No
B0G6LY861P,Aplique de Pared IP65 Impermeable 18W 3000K 2500 Lúmenes 1 Pieza,No encontrado,No
B0DR18KTZ2,"JRready JRconDRK00B16-01 - Puntas de repuesto para herramienta de extracción de pines - 16 puntas para conectores AMP TE Molex Deutsch JST Harting, compatibles con aplicaciones industriales de alta",No encontrado,No
B0GV3WYM6D,"Transformers Reloj Inteligente Niño con 4G Videollamada, Smartwatch Niños con GPS SOS Chat de Voz IP68 Impermeable Modo Escuela Podómetro, Reloj Infantil Regalo para Niños Niñas de 4 a 12 Años,Azul",No encontrado,No
B0GK8YRYTF,Zdeer Ventosas El?ctricas con Calor,No encontrado,No
B0H5WH859W,"4 Pcs Recipientes para Aperitivos,4 Compartimentos para Almuerzo",No encontrado,No
B0H24BWVTW,Kit DIY Mascotitas Kawaii - Crea tu Propia Bolsa de Tela y Foamy | Manualidad Creativa para Niñas | Incluye Accesorios Sorpresa y Todo lo Necesario para Armar | Modelo Ajolote | Crafty Doo,No encontrado,No
B0DB7ZY8WV,"Newbealer Vaporizador de mano para ropa doble voltaje, 120V/220V, Verde",No encontrado,No
B0H2M16QBM,"8 ps Cabezales de Repuesto para Cepillo de Dientes Eléctrico, Compatibles con Philips Colgate SonicPro,Envasado Individual al Vacío Estéril,Control de Placa,Limpieza Profunda,Cerdas Ultrasuaves DuPont",No encontrado,No
B0H3TCTV5B,"Pantalones cortos de tonificación de glúteos inteligentes para mujeres, entrenamiento de glúteos y cadera, reutilizables y lavables, entrenamiento de IA gratuito de 30 días",No encontrado,No
B0CTCPKV6Y,"NHOPEEW Estéreo Portátil para Coche - 9,3 Pulgadas Pantalla Táctil Pantalla Coche con Inalámbrico Carplay y Android Auto, Cámara Incorporada, Control De Voz Inteligente, Transmisión FM",No encontrado,No
B0GQL86LYX,"UGREEN FineTrack Mini 2, Edición Colaboración Honkai: Star Rail (Sólo iOS)",No encontrado,No
B0GY4H6LCT,"4 in 1 Retractable Wall Charger with Dual Cables,40W Retractable Phone Charger Wall Plug with Dual USB Ports,20W USB C Chargers Block Fast Charging for iPhone Galaxy",No encontrado,No
B0GH2SZG3V,"Tela Vinipiel Sintética Impermeable y Resistente, No Autoadherible, Ideal para Tapicería de Muebles, Asientos de Carro, Bolsas, Sillones, Manualidades y Proyectos DIY (Negro, 1.40m x 5m)",No encontrado,No
B0H2NMDGTC,Escurridor De Plastico 2 En 1 Plegable con Bandeja de Drenaje y Tapete de Secado Escurridor De Trastes Pequeño Escurreplatos De Plastico para Cocina,No encontrado,No
B0G2LJRV91,"MFish - Adaptador de viaje universal de 75 W, 5 puertos, carga todo en uno",No encontrado,No
B0BNBKD5GL,"Cargador de Panel Solar de 20 W 5 V, Panel Solar de Silicio Monocristalino Plegable Tablero de Generación de Energía de Celda Bolsa Plegable Paneles Solares para Actividades Al Aire",No encontrado,No
B0GWQKNC2Z,"Caña de Pescar Doble de Viaje de 1,8 m, roja y Verde, Ligera, Ideal para Principiantes. Se Puede Usar para Pescar en Agua Salada o Dulce",No encontrado,No
B0GS8BJJN6,"Elitech Manómetro Digital para AC de Auto y HVAC, Kit con Acopladores R134A, Válvula, Llave y 3 Mangueras, Lee 88 Refrigerantes (R134a/R410A) para Diagnóstico Preciso",No encontrado,No
B0GGGZ16SB,MAONO DGM20W Micrófono Inalámbrico para PC Celular USB Microfono Gamer,No encontrado,No
B0GHMZ6159,"Pistola de masaje desmontable 3 en 1 con mango extendido para áreas de difícil acceso, masajeador muscular para espalda, cuello, brazo, hombro, pierna regalo para hombres y mujeres",No encontrado,No
B0H2CTCQPV,"Succionador de Puntos Negros Electrico, Removedor de Puntos Negros USB Recargable, Pantalla LED, 6 Sondas de Succión y 3 Modos, 4 Pcs Acné Kit, Extractor de Puntos Negros, Removedor de Espinillas",No encontrado,No
B0FKMNY69P,"FEISEDY 2 en 1 cepillo para cabello - Plancha para Alisar, Rizar y Crear Puntas Hacia Adentro, 5 Ajustes de Temperatura (160-210°C)，Calentamiento Rápido en 30s, Revestimiento Cerámico Protector",No encontrado,No
B0D1CR2JZV,"Eléctrica, con Mango Ergonómico de Acero Inoxidable de 600 Ml, Eléctrica Turca de 5 Tazas, para café, té, Leche",No encontrado,No
B0G8HJTJJD,"UGREEN FineCam Cámara Web 4K Ultra HD, 2 Micrófono con Cancelación de Ruido",No encontrado,No
B0GS1TYYHX,AURAFIT Smartwatch Reloj Inteligente (Dorado),No encontrado,No
B0GKG6TSQV,"Micrófono inalámbrico 3 en 1 para iPhone/Android/Cámara con cancelación de ruido, paquete de 2, vida útil de batería de 20 horas, micrófonos lavalier mini para podcast, video, grabación",No encontrado,No
B0GH6LZXWH,"Botas con tirantes para perro, antideslizantes, impermeables, para perros, para perros, para perros pequeños, medianos, botas ajustables para mascotas, para caminar al aire última intervensión",No encontrado,No
B0GQLTK2GT,"3 Estantes Colgantes con Barandillas Metálicas, Estilo Retro",No encontrado,No
B0FMYGTYHZ,"Rampa Plegable para Mascotas,Escalera para Perro,Rampa para Perros Pequeños y Gatos,Ajustable (10"" a 19""),Antideslizante,Ideal para Cama,Sofá o Auto,Portátil y Liviana (32"" Largo x 11"" Ancho)",No encontrado,No
B0DPG43GKF,"Kit de Etiquetado de Bloqueo Eléctrico, Cerrojos de Bloqueo Grupal, Etiqueta de Bloqueo, Cerraduras de Seguridad, Etiquetas Colgantes, Llaves y Bolsa de Almacenamiento para",No encontrado,No
B0F2FQK8MP,"ARCTIC HUNTER AH Mochila para Laptop B00811, Mochila Impermeable de 15.6 Pulgadas, Mochila de Trabajo y Oficina para Hombre, Ideal para Viajes Cortos y Escuela, Estilo Casual",No encontrado,No
B0DSPW29HV,UGREEN 10000mAh Power Bank QI2 15W Inalámbrico PD 30W Carga Rápida,No encontrado,No
B0H1BKFSRZ,"Termómetro de Carne para Cocina, Lectura Instantánea de Precisión, Medición de Temperatura para Barbacoa, Hornear y Cocinar Diariamente",No encontrado,No
B0GWLSLTJS,"Tapete de conexión a tierra para cama, almohadilla de colchón de conexión a tierra para un mejor sueño, fibra de carbono conductora transpirable, piel sintética, antideslizante, 54 x 78",No encontrado,No
B0GXV2NZD1,SoundPEATS UU2 Audífonos Inalámbricos Open Ear de Clip Hi-Res Audio LDAC,No encontrado,No
B0GXTLR67G,SoundPEATS UU2 Audífonos Inalámbricos Open Ear de Clip Hi-Res Audio LDAC,No encontrado,No
B0FX4Y94X4,Orejeras Perro Anti Ruido 29dB Tipo Audífonos Ajustables Medianos y Grandes,No encontrado,No
B0GZ37ZPLV,"Secador de pelo con motor de alta velocidad de 110.000 RPM y 1400 W para un secado rápido en 1-5 minutos; cuenta con 3 niveles de calor/aire frío, bajo nivel de ruido (49 dB), tecnología de 1500 millones de iones de plasma y diseño portátil ideal para viajes.",No encontrado,No
B0GK6DT5SF,"HUANUO FlowLift™ Pro Brazo para Monitor Doble para Pantallas de 13"" a 32"" (Máx. 9 kg), Soporte Doble Monitor MechaSpring™ con Inclinación/Giro/Rotación, Montaje VESA sin Herramientas, HNDMA119B-DS",No encontrado,No
B0GLPF78JQ,"Mini Waflera, Mini Máquina para Hacer Cuencos de Gofre, Superficie Antiadherente, 350W, con Luz Indicador de Encendido y Asa Fría,Perfecta para Rápido Desayuno y Postre",No encontrado,No
B0GH29Y1K3,"Vaporizador de viaje para ropa,110 V-240 V,vaporizador y plancha 5 en 1,vaporizador de mano para prendas,quitarrugas con 2 modos de vapor y 3 modos de planchado depósito de agua de 180 ml,pantalla LCD",No encontrado,No
B0FCTVQ7C8,"Tableta de Escritura LCD de 12 Pulgadas con Estuche PU y Bolígrafo, Bloc de Notas Digitales de Pantalla Completa para Niños y Adultos, Almohadilla Borrable con Estuche de",No encontrado,No
B0G24WH2DT,"JDFNVFK Pack de 6 Soporte de Exhibición para Letreros, Porta Menús Acrilico de Doble Cara, 8,5 x 11 Pulgadas, A4 Verticales Exhibidor Transparente para Restaurantes, Oficina, Bares, Fiestas, Negocio",No encontrado,No
B0FQBH59TV,"Juego de Juguetes para Perros de 10 Piezas - Juguetes Masticables, de Cuerda y Peluches para Cachorros y Perros Pequeños - Ideal para Morder, Jugar y Limpiar Dientes",No encontrado,No
B0G78N2JJ4,"Mesa Ventilador Base Enfriadora para Laptop,Soporte de Aluminio Ajustable",No encontrado,No
B0GQCJXB7Y,MEE audio Pebbles Air Open Ear Auriculares inalámbricos Verdaderos – Bluetooth 5.3 Auriculares Ligeros con micrófono y reducción de Ruido de Llamadas para Gimnasio/Entrenamientos/Deportes (Negra),No encontrado,No
B0GS6HK73L,"KITUL Set de 2 Buros Mesitas de Noche Modernas Minimalistas con Estantes para Recamara, Negro",No encontrado,No
B0GFDKMW3Z,E T EASYTAO C220 Cámara de Seguridad Exterior WiFi Doble Lente 3MP+3MP,No encontrado,No
B0GYW8GYHW,ARENTI Laxihub Cámara de Seguridad Interior 3MP WiFi 5Ghz para Bebé Perro,No encontrado,No
B0GFDD9VVJ,EASYTAO Cámara de Seguridad Exterior 2MP 2PCS con Detección IA Humano,No encontrado,No
B0CV5M3K41,"Funda Magnética para Teclado de Tableta con Panel Táctil, Funda Universal Desmontable para Teclado de Tableta para Tableta de 9 a 11 Pulgadas para IOS",No encontrado,No
B0FH6RBV2C,"Teclado y Mouse Español Inalámbrico, Keyboard y Ratón 2.4 GHz, Teclado de Máquina de Escribir Inalámbrico y Ratón Silencioso, Bonito Teclado con Soporte para Celular,Compatible con Windows,Linux,MacOS",No encontrado,No
B0GC7JMPHT,RAINSMORE Mochila Antirrobo Mujer de PU para Laptop 13.3 con Lindo Pompón,No encontrado,No
B0FMJVPGXH,"Imou Cruiser Dual 6MP Cámara De Seguridad, Doble Lente, 3MP+3MP, Exterior",No encontrado,No
B0FDG4ZMRY,"Bettdow Español Ñ Teclado para iPad 10ª Gen 10.9'' y 11'' A16 2025, Funda con Teclado Magnético, Retroiluminación 7 Colores 3 Brillos, Ángulo Ajustable 120°, Larga Duración",No encontrado,No
B0GWHL3R3H,"Tabla de Cortar de Titanio para Cocina, Tabla de Cortar de Doble Cara de Grado Alimenticio, Tablas de Cortar con Asa, Aptas para Lavaplatos, Tablas de Cortar para Carnes, Frutas (39x28cm)",No encontrado,No
B0FXFKLTFZ,"Fajas para Mujer Gym, Cinturilla para Mujer Moldeadora, Faja Reductora Mujer, Proporciona Soporte para la Cintura y el Pecho, Adecuado para Fitness, Deportes y Pérdida de Grasa",No encontrado,No
B0FRSJ1P61,Mini proyector de película inteligente blanco con WiFi y Bluetooth,No encontrado,No
B0FLD3XXWW,"Mini proyector con WiFi y Bluetooth, proyector inteligente compatible con",No encontrado,No
B0GG9S14M7,Lehoo Castle Coche De Control Remoto Juguetes para Niños Carros Coche Juego,No encontrado,No
B0HB9QRRYS,Pista de Carros para Niños Doble Carril con Carritos de Juguete,No encontrado,No
B0GYP8P47D,"Tendedero Plegable para Ropa de Acero Inoxidable, Tendedero Retractil Pared, Ahorra Espacio, Tendederos Retractiles Interiores y Exterior, Admite Secado Plano y Perchas (Blanco-100cm)",No encontrado,No
B0H978WQPN,Cámara de Seguridad Exterior/Interior con Tarjeta SD 32GB,No encontrado,No
